key,name,source,sample,self
"mini-keanu","Mini Keanu Reeves","https://knowyourmeme.com/memes/mini-keanu-reeves","https://api.memegen.link/images/mini-keanu/YOUR_TEXT/GOES_HERE.png","https://api.memegen.link/templates/mini-keanu"
"ugandanknuck","Ugandan Knuckles","http://knowyourmeme.com/memes/ugandan-knuckles","https://api.memegen.link/images/ugandanknuck/_.png","https://api.memegen.link/templates/ugandanknuck"
"rollsafe","Roll Safe","http://knowyourmeme.com/memes/roll-safe","https://api.memegen.link/images/rollsafe/CAN'T_GET_FIRED/IF_YOU_DON'T_HAVE_A_JOB.png","https://api.memegen.link/templates/rollsafe"
"center","What is this, a Center for Ants?!","http://knowyourmeme.com/memes/what-is-this-a-center-for-ants","https://api.memegen.link/images/center/WHAT_IS_THIS/A_CENTER_FOR_ANTS.png","https://api.memegen.link/templates/center"
"bs","This is Bull, Shark","https://www.reddit.com/r/funny/comments/3grsfs","https://api.memegen.link/images/bs/WHAT_A_SURPRISE.../YOU_CAUGHT_ME_AGAIN.png","https://api.memegen.link/templates/bs"
"hagrid","I Should Not Have Said That","https://www.youtube.com/watch?v=498HkRM77gg","https://api.memegen.link/images/hagrid/_/I_SHOULD_NOT_HAVE_SAID_THAT.png","https://api.memegen.link/templates/hagrid"
"mmm","Minor Mistake Marvin","http://knowyourmeme.com/memes/minor-mistake-marvin","https://api.memegen.link/images/mmm/_/_.png","https://api.memegen.link/templates/mmm"
"jd","Joseph Ducreux / Archaic Rap","https://knowyourmeme.com/memes/joseph-ducreux-archaic-rap","https://api.memegen.link/images/jd/DISREGARD_FEMALES/ACQUIRE_CURRENCY.png","https://api.memegen.link/templates/jd"
"ntot","No Take, Only Throw","https://knowyourmeme.com/memes/no-take-only-throw","https://api.memegen.link/images/ntot/Pls_throw~q~q/NO_TAKE!!/ONLY_THROW.png","https://api.memegen.link/templates/ntot"
"crazypills","I Feel Like I'm Taking Crazy Pills","http://knowyourmeme.com/memes/i-feel-like-im-taking-crazy-pills","https://api.memegen.link/images/crazypills/_/I_FEEL_LIKE_I'M_TAKING_CRAZY_PILLS.png","https://api.memegen.link/templates/crazypills"
"ants","Do You Want Ants?","http://knowyourmeme.com/memes/do-you-want-ants","https://api.memegen.link/images/ants/DO_YOU_WANT_ANTS~q/BECAUSE_THAT'S_HOW_YOU_GET_ANTS.png","https://api.memegen.link/templates/ants"
"soup-nazi","No Soup for You / Soup Nazi","https://knowyourmeme.com/memes/no-soup-for-you-soup-nazi","https://api.memegen.link/images/soup-nazi/NO_SOUP_FOR_YOU!.png","https://api.memegen.link/templates/soup-nazi"
"icanhas","I Can Has Cheezburger?","http://knowyourmeme.com/memes/happy-cat","https://api.memegen.link/images/icanhas/I_CAN_HAS/THIS_MEME~q.png","https://api.memegen.link/templates/icanhas"
"jetpack","Nothing To Do Here","http://knowyourmeme.com/memes/nothing-to-do-here-jet-pack-guy","https://api.memegen.link/images/jetpack/NOTHING_TO_DO_HERE.png","https://api.memegen.link/templates/jetpack"
"live","Do It Live!","http://knowyourmeme.com/memes/bill-oreilly-rant","https://api.memegen.link/images/live/_/DO_IT_LIVE!.png","https://api.memegen.link/templates/live"
"saltbae","Salt Bae","http://knowyourmeme.com/memes/saltbae","https://api.memegen.link/images/saltbae/_.png","https://api.memegen.link/templates/saltbae"
"fmr","Fuck Me, Right?","http://knowyourmeme.com/memes/fuck-me-right","https://api.memegen.link/images/fmr/_/FUCK_ME,_RIGHT~q.png","https://api.memegen.link/templates/fmr"
"money","Shut Up and Take My Money!","http://knowyourmeme.com/memes/shut-up-and-take-my-money","https://api.memegen.link/images/money/SHUT_UP_AND/TAKE_MY_MONEY!.png","https://api.memegen.link/templates/money"
"cryingfloor","Crying on Floor","http://knowyourmeme.com/photos/1125083-hold-the-door","https://api.memegen.link/images/cryingfloor/IT'S_OKAY/LETS_JUST_RESCHEDULE_DRINKING.png","https://api.memegen.link/templates/cryingfloor"
"bihw","But It's Honest Work","https://knowyourmeme.com/memes/but-its-honest-work","https://api.memegen.link/images/bihw/IT_AIN'T_MUCH/BUT_IT'S_HONEST_WORK.png","https://api.memegen.link/templates/bihw"
"yuno","Y U NO Guy","http://knowyourmeme.com/memes/y-u-no-guy","https://api.memegen.link/images/yuno/Y_U_NO/USE_THIS_MEME!~q.png","https://api.memegen.link/templates/yuno"
"awesome","Socially Awesome Penguin","http://knowyourmeme.com/memes/socially-awesome-penguin","https://api.memegen.link/images/awesome/SAY_A_WORD_WRONG/CREATE_HILARIOUS_INSIDE_JOKE.png","https://api.memegen.link/templates/awesome"
"sparta","This is Sparta!","https://www.youtube.com/watch?v=QkWS9PiXekE","https://api.memegen.link/images/sparta/THIS._IS./SPARTA!.png","https://api.memegen.link/templates/sparta"
"oprah","Oprah You Get a Car","http://knowyourmeme.com/memes/oprah-you-get-a-car","https://api.memegen.link/images/oprah/YOU_GET_A_MEME/AND_YOU_GET_A_MEME.png","https://api.memegen.link/templates/oprah"
"ch","Captain Hindsight","http://knowyourmeme.com/memes/captain-hindsight","https://api.memegen.link/images/ch/IF_YOU_WANTED_TO_AVOID_THE_FRIEND_ZONE/YOU_SHOULD_HAVE_MADE_YOUR_INTENTIONS_KNOWN_FROM_THE_START.png","https://api.memegen.link/templates/ch"
"awkward","Socially Awkward Penguin","http://knowyourmeme.com/memes/socially-awkward-penguin","https://api.memegen.link/images/awkward/START_TELLING_JOKE/FORGET_PUNCHLINE.png","https://api.memegen.link/templates/awkward"
"fetch","Stop Trying to Make Fetch Happen","http://knowyourmeme.com/memes/stop-trying-to-make-fetch-happen","https://api.memegen.link/images/fetch/STOP_TRYING_TO_MAKE_FETCH_HAPPEN/IT'S_NOT_GOING_TO_HAPPEN.png","https://api.memegen.link/templates/fetch"
"ss","Scumbag Steve","http://knowyourmeme.com/memes/scumbag-steve","https://api.memegen.link/images/ss/NEEDS_A_PLACE_TO_CRASH/NEVER_LEAVES.png","https://api.memegen.link/templates/ss"
"whatyear","What Year Is It?","http://knowyourmeme.com/memes/what-year-is-it","https://api.memegen.link/images/whatyear/_/WHAT_YEAR_IS_IT~q.png","https://api.memegen.link/templates/whatyear"
"yodawg","Xzibit Yo Dawg","http://knowyourmeme.com/memes/xzibit-yo-dawg","https://api.memegen.link/images/yodawg/YO_DAWG/I_HEARD_YOU_LIKE_MEMES.png","https://api.memegen.link/templates/yodawg"
"keanu","Conspiracy Keanu","http://knowyourmeme.com/memes/conspiracy-keanu","https://api.memegen.link/images/keanu/_.png","https://api.memegen.link/templates/keanu"
"happening","It's Happening","http://knowyourmeme.com/memes/doom-paul-its-happening","https://api.memegen.link/images/happening/_/IT'S_HAPPENING.png","https://api.memegen.link/templates/happening"
"dwight","Schrute Facts","http://knowyourmeme.com/memes/schrute-facts","https://api.memegen.link/images/dwight/LOVE_IS_ALL_YOU_NEED~q/FALSE._YOU_NEED_WATER_AND_RATIONS..png","https://api.memegen.link/templates/dwight"
"awesome-awkward","Socially Awesome Awkward Penguin","http://knowyourmeme.com/memes/socially-awkward-penguin","https://api.memegen.link/images/awesome-awkward/FIRST_DAY_AT_NEW_JOB/SPILL_COFFEE_ON_BOSSMAN.png","https://api.memegen.link/templates/awesome-awkward"
"chosen","You Were the Chosen One!","http://knowyourmeme.com/memes/you-were-the-chosen-one","https://api.memegen.link/images/chosen/YOU_WERE_THE_CHOSEN_ONE!.png","https://api.memegen.link/templates/chosen"
"regret","I Immediately Regret This Decision!","https://www.youtube.com/watch?v=gd9ltJGykYc","https://api.memegen.link/images/regret/_/I_IMMEDIATELY_REGRET_THIS_DECISION.png","https://api.memegen.link/templates/regret"
"blb","Bad Luck Brian","http://knowyourmeme.com/memes/bad-luck-brian","https://api.memegen.link/images/blb/_.png","https://api.memegen.link/templates/blb"
"mb","Member Berries","http://knowyourmeme.com/memes/member-berries","https://api.memegen.link/images/mb/'MEMBER/STAR_WARS~q.png","https://api.memegen.link/templates/mb"
"sohot","So Hot Right Now","https://www.youtube.com/watch?v=QizsJQNIKhc","https://api.memegen.link/images/sohot/THIS_MEME_IS/SO_HOT_RIGHT_NOW.png","https://api.memegen.link/templates/sohot"
"away","Life... Finds a Way","https://www.youtube.com/watch?v=dMjQ3hA9mEA","https://api.memegen.link/images/away/LIFE.../FINDS_A_WAY.png","https://api.memegen.link/templates/away"
"sad-biden","Sad Joe Biden","http://knowyourmeme.com/memes/sad-joe-biden","https://api.memegen.link/images/sad-biden/SAD_JOE_BIDEN/DOESN'T_THINK_YOU'LL_VOTE.png","https://api.memegen.link/templates/sad-biden"
"dodgson","See? Nobody Cares","http://knowyourmeme.com/memes/see-nobody-cares","https://api.memegen.link/images/dodgson/WEâ€™VE_GOT_DODGSON_HERE!/SEE~q_NOBODY_CARES.png","https://api.memegen.link/templates/dodgson"
"fa","Forever Alone","http://knowyourmeme.com/memes/forever-alone","https://api.memegen.link/images/fa/FOREVER/ALONE.png","https://api.memegen.link/templates/fa"
"sarcasticbear","Sarcastic Bear","http://knowyourmeme.com/memes/sarcastic-bear","https://api.memegen.link/images/sarcasticbear/I'M_SO_SORRY/I_HAVEN'T_MEMORIZED_THE_INTERNET.png","https://api.memegen.link/templates/sarcasticbear"
"firsttry","First Try!","https://www.youtube.com/watch?v=44-RsrF_V_w","https://api.memegen.link/images/firsttry/_/FIRST_TRY!.png","https://api.memegen.link/templates/firsttry"
"trump","Donald Trump","https://knowyourmeme.com/memes/people/donald-trump","https://api.memegen.link/images/trump/THIS_IS_THE_BEST_MEME_IN_THE_HISTORY_OF_MEMES/MAYBE_EVER.png","https://api.memegen.link/templates/trump"
"lrv","Laundry Room Viking","http://knowyourmeme.com/memes/laundry-room-viking","https://api.memegen.link/images/lrv/DO_THE_LAUNDRY_THEY_SAID/IT_WILL_BE_FUN_THEY_SAID.png","https://api.memegen.link/templates/lrv"
"boat","I Should Buy a Boat Cat","http://knowyourmeme.com/memes/i-should-buy-a-boat-cat","https://api.memegen.link/images/boat/_/I_SHOULD_BUY_A_BOAT.png","https://api.memegen.link/templates/boat"
"apcr","Almost Politically Correct Redneck","https://knowyourmeme.com/memes/almost-politically-correct-redneck","https://api.memegen.link/images/apcr/_.png","https://api.memegen.link/templates/apcr"
"hipster","Hipster Barista","http://knowyourmeme.com/memes/hipster-barista","https://api.memegen.link/images/hipster/_/_.png","https://api.memegen.link/templates/hipster"
"atis","And Then I Said","https://knowyourmeme.com/memes/and-then-i-said","https://api.memegen.link/images/atis/AND_THEN_I_SAID/THE_EXAM_WILL_ONLY_CONTAIN_WHAT_WE'VE_COVERED_IN_LECTURES.png","https://api.memegen.link/templates/atis"
"oag","Overly Attached Girlfriend","http://knowyourmeme.com/memes/overly-attached-girlfriend","https://api.memegen.link/images/oag/I_KNOW_YOU_RECEIVED_MY_EMAIL/BECAUSE_I_CHECKED_YOUR_INBOX.png","https://api.memegen.link/templates/oag"
"stew","Baby, You've Got a Stew Going","https://www.youtube.com/watch?v=Sr2PlqXw03Y","https://api.memegen.link/images/stew/_/BABY,_YOU'VE_GOT_A_STEW_GOING!.png","https://api.memegen.link/templates/stew"
"aint-got-time","Sweet Brown / Ain't Nobody Got Time For That","https://knowyourmeme.com/memes/sweet-brown-aint-nobody-got-time-for-that","https://api.memegen.link/images/aint-got-time/MEMES~q/AIN'T_NOBODY_GOT_TIME_FO'_THAT.png","https://api.memegen.link/templates/aint-got-time"
"feelsgood","Feels Good","https://knowyourmeme.com/memes/feels-good","https://api.memegen.link/images/feelsgood/_.png","https://api.memegen.link/templates/feelsgood"
"afraid","Afraid to Ask Andy","http://knowyourmeme.com/memes/afraid-to-ask-andy","https://api.memegen.link/images/afraid/I_DON'T_KNOW_WHAT_THIS_MEME_IS_FOR/AND_AT_THIS_POINT_I'M_TOO_AFRAID_TO_ASK.png","https://api.memegen.link/templates/afraid"
"scc","Sudden Clarity Clarence","http://knowyourmeme.com/memes/sudden-clarity-clarence","https://api.memegen.link/images/scc/_.png","https://api.memegen.link/templates/scc"
"wonka","Condescending Wonka","http://knowyourmeme.com/memes/condescending-wonka-creepy-wonka","https://api.memegen.link/images/wonka/_.png","https://api.memegen.link/templates/wonka"
"db","Distracted Boyfriend","https://knowyourmeme.com/memes/distracted-boyfriend","https://api.memegen.link/images/db/Socialism/The_Youth/Capitalism.png","https://api.memegen.link/templates/db"
"morpheus","Matrix Morpheus","http://knowyourmeme.com/memes/matrix-morpheus","https://api.memegen.link/images/morpheus/_.png","https://api.memegen.link/templates/morpheus"
"ll","Laughing Lizard","http://knowyourmeme.com/memes/laughing-lizard-hhhehehe","https://api.memegen.link/images/ll/_/HHHEHEHE.png","https://api.memegen.link/templates/ll"
"toohigh","The Rent Is Too Damn High","http://knowyourmeme.com/memes/the-rent-is-too-damn-high-jimmy-mcmillan","https://api.memegen.link/images/toohigh/THE_RENT_IS/TOO_DAMN_HIGH.png","https://api.memegen.link/templates/toohigh"
"drake","Drakeposting","http://knowyourmeme.com/memes/drakeposting","https://api.memegen.link/images/drake/_.png","https://api.memegen.link/templates/drake"
"winter","Winter is coming","http://knowyourmeme.com/memes/imminent-ned-brace-yourselves-winter-is-coming","https://api.memegen.link/images/winter/PREPARE_YOURSELF/WINTER_IS_COMING.png","https://api.memegen.link/templates/winter"
"leo","Leo Strutting","https://knowyourmeme.com/memes/strutting-leo","https://api.memegen.link/images/leo/_.png","https://api.memegen.link/templates/leo"
"soa","Seal of Approval","http://knowyourmeme.com/memes/seal-of-approval","https://api.memegen.link/images/soa/FIRST_WIPE/CLEAN_TOILETPAPER.png","https://api.memegen.link/templates/soa"
"cb","Confession Bear","http://knowyourmeme.com/memes/confession-bear","https://api.memegen.link/images/cb/I_STOLE/THE_PIC--I--NIC_BASKET.png","https://api.memegen.link/templates/cb"
"sb","Scumbag Brain","http://knowyourmeme.com/memes/scumbag-brain","https://api.memegen.link/images/sb/REMEMBERS_THE_FACE/BUT_NOT_THE_NAME.png","https://api.memegen.link/templates/sb"
"sad-obama","Sad Barack Obama","http://knowyourmeme.com/memes/sad-joe-biden","https://api.memegen.link/images/sad-obama/SAD_BARACK_OBAMA/DOESN'T_THINK_YOU'LL_VOTE.png","https://api.memegen.link/templates/sad-obama"
"disastergirl","Disaster Girl","http://knowyourmeme.com/memes/disaster-girl","https://api.memegen.link/images/disastergirl/WHAT_DID_YOU_SAY~q/_.png","https://api.memegen.link/templates/disastergirl"
"fwp","First World Problems","http://knowyourmeme.com/memes/first-world-problems","https://api.memegen.link/images/fwp/_.png","https://api.memegen.link/templates/fwp"
"remembers","Pepperidge Farm Remembers","http://knowyourmeme.com/memes/pepperidge-farm-remembers","https://api.memegen.link/images/remembers/REMEMBER_THIS_MEME~q/PEPPERIDGE_FARM_REMEMBERS.png","https://api.memegen.link/templates/remembers"
"fine","This is Fine","http://gunshowcomic.com/648","https://api.memegen.link/images/fine/_/THIS_IS_FINE.png","https://api.memegen.link/templates/fine"
"snek","Skeptical Snake","https://www.reddit.com/r/JoeRogan/comments/5kga5k/skeptical_snake/","https://api.memegen.link/images/snek/WHEN_YOU_ALREADY_CHECKED_THAT_ONE_LEAF/AND_IT_STARTS_MOVING.png","https://api.memegen.link/templates/snek"
"puffin","Unpopular opinion puffin","http://knowyourmeme.com/memes/unpopular-opinion-puffin","https://api.memegen.link/images/puffin/_.png","https://api.memegen.link/templates/puffin"
"yallgot","Y'all Got Any More of Them","http://knowyourmeme.com/memes/yall-got-anymore-of","https://api.memegen.link/images/yallgot/Y'ALL_GOT_ANY_MORE_OF_THEM/MEMES.png","https://api.memegen.link/templates/yallgot"
"gandalf","Confused Gandalf","http://knowyourmeme.com/memes/confused-gandalf","https://api.memegen.link/images/gandalf/_/WHAT_DID_I_JUST_SAY~q.png","https://api.memegen.link/templates/gandalf"
"bender","I'm Going to Build My Own Theme Park","http://knowyourmeme.com/memes/im-going-to-build-my-own-theme-park-with-blackjack-and-hookers","https://api.memegen.link/images/bender/I'M_GOING_TO_BUILD_MY_OWN_THEME_PARK/WITH_BLACKJACK_AND_HOOKERS.png","https://api.memegen.link/templates/bender"
"imsorry","Oh, I'm Sorry, I Thought This Was America","http://knowyourmeme.com/memes/oh-im-sorry-i-thought-this-was-america","https://api.memegen.link/images/imsorry/OH,_I'M_SORRY/I_THOUGHT_THIS_WAS_AMERICA.png","https://api.memegen.link/templates/imsorry"
"spongebob","Mocking Spongebob","http://knowyourmeme.com/memes/mocking-spongebob","https://api.memegen.link/images/spongebob/BF:_I_don't_even_know_her_like_that/Me:_i_DoN'T_eVeN_KnOw_HeR_lIkE_tHaT.png","https://api.memegen.link/templates/spongebob"
"jw","Probably Not a Good Idea","https://www.youtube.com/watch?v=RFinNxS5KN4&t=86","https://api.memegen.link/images/jw/YOU_JUST_WENT_AND_MADE_A_NEW_DINOSAUR~q/PROBABLY_NOT_A_GOOD_IDEA.png","https://api.memegen.link/templates/jw"
"officespace","That Would Be Great","http://knowyourmeme.com/memes/that-would-be-great","https://api.memegen.link/images/officespace/YEAH.../THAT'D_BE_GREAT.png","https://api.memegen.link/templates/officespace"
"mordor","One Does Not Simply Walk into Mordor","http://knowyourmeme.com/memes/one-does-not-simply-walk-into-mordor","https://api.memegen.link/images/mordor/ONE_DOES_NOT_SIMPLY/WALK_INTO_MORDOR.png","https://api.memegen.link/templates/mordor"
"ackbar","It's A Trap!","http://knowyourmeme.com/memes/its-a-trap","https://api.memegen.link/images/ackbar/_/IT'S_A_TRAP!.png","https://api.memegen.link/templates/ackbar"
"noidea","I Have No Idea What I'm Doing","http://knowyourmeme.com/memes/i-have-no-idea-what-i-m-doing","https://api.memegen.link/images/noidea/I_HAVE_NO_IDEA/WHAT_I'M_DOING.png","https://api.memegen.link/templates/noidea"
"sk","Skeptical Third World Kid","http://knowyourmeme.com/memes/third-world-success","https://api.memegen.link/images/sk/YOU_FINISHED_YOUR_PLATE/BECAUSE_I_WAS_STARVING~q.png","https://api.memegen.link/templates/sk"
"tried","At Least You Tried","http://knowyourmeme.com/memes/you-tried","https://api.memegen.link/images/tried/AT_LEAST/YOU_TRIED.png","https://api.memegen.link/templates/tried"
"interesting","The Most Interesting Man in the World","http://knowyourmeme.com/memes/the-most-interesting-man-in-the-world","https://api.memegen.link/images/interesting/_.png","https://api.memegen.link/templates/interesting"
"elf","You Sit on a Throne of Lies","http://knowyourmeme.com/memes/you-sit-on-a-throne-of-lies","https://api.memegen.link/images/elf/_/YOU_SIT_ON_A_THRONE_OF_LIES.png","https://api.memegen.link/templates/elf"
"bd","Butthurt Dweller","http://knowyourmeme.com/memes/butthurt-dweller-gordo-granudo","https://api.memegen.link/images/bd/CAN'T_WORKOUT/DON'T_WANT_TO_GET_TOO_BUFF.png","https://api.memegen.link/templates/bd"
"sadfrog","Sad Frog / Feels Bad Man","http://knowyourmeme.com/memes/feels-bad-man-sad-frog","https://api.memegen.link/images/sadfrog/_/FEELS_BAD_MAN.png","https://api.memegen.link/templates/sadfrog"
"nice","So I Got That Goin' For Me, Which is Nice","http://knowyourmeme.com/memes/so-i-got-that-goin-for-me-which-is-nice","https://api.memegen.link/images/nice/_/SO_I_GOT_THAT_GOIN'_FOR_ME,_WHICH_IS_NICE.png","https://api.memegen.link/templates/nice"
"fbf","Foul Bachelor Frog","http://knowyourmeme.com/memes/foul-bachelor-frog","https://api.memegen.link/images/fbf/PAPER_TOWEL/THE_PLATE_THAT_CLEANS_UP_AFTER_ITSELF.png","https://api.memegen.link/templates/fbf"
"fry","Futurama Fry","http://knowyourmeme.com/memes/futurama-fry-not-sure-if","https://api.memegen.link/images/fry/NOT_SURE_IF_TROLLING/OR_JUST_STUPID.png","https://api.memegen.link/templates/fry"
"patrick","Push it somewhere else Patrick","http://knowyourmeme.com/memes/push-it-somewhere-else-patrick","https://api.memegen.link/images/patrick/WHY_DONT_WE_TAKE_ALL_THE_MEMES/AND_PUT_THEM_ON_MEMEGEN.png","https://api.memegen.link/templates/patrick"
"gears","You Know What Really Grinds My Gears?","http://knowyourmeme.com/memes/you-know-what-really-grinds-my-gears","https://api.memegen.link/images/gears/YOU_KNOW_WHAT_REALLY_GRINDS_MY_GEARS~q/WHEN_PEOPLE_POST_IMAGES_OF_COGS_THAT_DON'T_MESH.png","https://api.memegen.link/templates/gears"
"biw","Baby Insanity Wolf","http://knowyourmeme.com/memes/baby-insanity-wolf","https://api.memegen.link/images/biw/GETS_ICED_COFFEE/IN_THE_WINTER.png","https://api.memegen.link/templates/biw"
"red","Oh, Is That What We're Going to Do Today?","https://www.imdb.com/title/tt0720046/","https://api.memegen.link/images/red/OH,_IS_THAT_WHAT_WE'RE_GOING_TO_DO_TODAY~q/WE'RE_GOING_TO_FIGHT~q.png","https://api.memegen.link/templates/red"
"sad-clinton","Sad Bill Clinton","https://en.wikipedia.org/wiki/Bill_Clinton","https://api.memegen.link/images/sad-clinton/SAD_BILL_CLINTON/DOESN'T_THINK_YOU'LL_VOTE.png","https://api.memegen.link/templates/sad-clinton"
"badchoice","Milk Was a Bad Choice","https://www.youtube.com/watch?v=DeY0yPqibb0","https://api.memegen.link/images/badchoice/MILK/WAS_A_BAD_CHOICE.png","https://api.memegen.link/templates/badchoice"
"iw","Insanity Wolf","http://knowyourmeme.com/memes/insanity-wolf","https://api.memegen.link/images/iw/DOES_TESTING/IN_PRODUCTION.png","https://api.memegen.link/templates/iw"
"sf","Sealed Fate","https://www.reddit.com/r/AdviceAnimals/comments/3fenos/i_like_the_idea_of_the_impending_doom_seal_i_hope/ctnxw3k","https://api.memegen.link/images/sf/I_ACCIDENTALLY_USED_A_SWEAR_WORD/AND_I_KNOW_MY_MOM_HEARD_IT_FROM_THE_OTHER_ROOM.png","https://api.memegen.link/templates/sf"
"ski","Super Cool Ski Instructor","http://knowyourmeme.com/memes/super-cool-ski-instructor","https://api.memegen.link/images/ski/_/YOU'RE_GONNA_HAVE_A_BAD_TIME.png","https://api.memegen.link/templates/ski"
"joker","It's Simple, Kill the Batman","https://www.youtube.com/watch?v=f_XHjqABQQA","https://api.memegen.link/images/joker/IT'S_SIMPLE/KILL_THE_BATMAN.png","https://api.memegen.link/templates/joker"
"bad","You Should Feel Bad","http://knowyourmeme.com/memes/your-musics-bad-and-you-should-feel-bad","https://api.memegen.link/images/bad/YOUR_MEME_IS_BAD/AND_YOU_SHOULD_FEEL_BAD.png","https://api.memegen.link/templates/bad"
"dsm","Dating Site Murderer","http://knowyourmeme.com/memes/dating-site-murderer","https://api.memegen.link/images/dsm/THEY_WILL_NEVER_FIND_YOUR_BODY/AS_ATTRACTIVE_AS_I_DO.png","https://api.memegen.link/templates/dsm"
"sad-boehner","Sad John Boehner","https://en.wikipedia.org/wiki/John_Boehner","https://api.memegen.link/images/sad-boehner/SAD_JOHN_BOEHNER/DOESN'T_THINK_YOU'LL_VOTE.png","https://api.memegen.link/templates/sad-boehner"
"ptj","Phoebe Teaching Joey","https://knowyourmeme.com/photos/1846826-phoebe-teaching-joey","https://api.memegen.link/images/ptj/Cast_it/Cast_it/into/into/the_fire/the_fire/Cast_it_into_the_fire./Keep_the_Ring_of_Power!.png","https://api.memegen.link/templates/ptj"
"ggg","Good Guy Greg","http://knowyourmeme.com/memes/good-guy-greg","https://api.memegen.link/images/ggg/_.png","https://api.memegen.link/templates/ggg"
"sohappy","I Would Be So Happy","https://www.youtube.com/watch?v=z_17RHGKNTY","https://api.memegen.link/images/sohappy/IF_I_COULD_USE_THIS_MEME/I_WOULD_BE_SO_HAPPY.png","https://api.memegen.link/templates/sohappy"
"sad-bush","Sad George Bush","http://knowyourmeme.com/memes/sad-joe-biden","https://api.memegen.link/images/sad-bush/SAD_GEORGE_BUSH/DOESN'T_THINK_YOU'LL_VOTE.png","https://api.memegen.link/templates/sad-bush"
"ds","Daily Struggle","https://knowyourmeme.com/memes/daily-struggle","https://api.memegen.link/images/ds/The_dress_is_black_and_blue./The_dress_is_gold_and_white..png","https://api.memegen.link/templates/ds"
"philosoraptor","Philosoraptor","http://knowyourmeme.com/memes/philosoraptor","https://api.memegen.link/images/philosoraptor/_.png","https://api.memegen.link/templates/philosoraptor"
"doge","Doge","http://knowyourmeme.com/memes/doge","https://api.memegen.link/images/doge/SUCH_MEME/VERY_SKILL.png","https://api.memegen.link/templates/doge"
"kermit","But That's None of My Business","http://knowyourmeme.com/memes/but-thats-none-of-my-business","https://api.memegen.link/images/kermit/_/BUT_THAT'S_NONE_OF_MY_BUSINESS.png","https://api.memegen.link/templates/kermit"
"ive","Jony Ive Redesigns Things","https://www.apple.com/pr/bios/jonathan-ive.html","https://api.memegen.link/images/ive/WE_THINK/YOU'LL_LOVE_IT.png","https://api.memegen.link/templates/ive"
"success","Success Kid","http://knowyourmeme.com/memes/success-kid-i-hate-sandcastles","https://api.memegen.link/images/success/DON'T_KNOW_A_QUESTION_ON_THE_TEST/ANSWER_IS_IN_ANOTHER_QUESTION.png","https://api.memegen.link/templates/success"
"captain","I am the Captain Now","https://www.youtube.com/watch?v=dvA-mimf2yg","https://api.memegen.link/images/captain/LOOK_AT_ME/I_AM_THE_CAPTAIN_NOW.png","https://api.memegen.link/templates/captain"
"persian","Persian Cat Room Guardian","https://knowyourmeme.com/memes/persian-cat-room-guardian","https://api.memegen.link/images/persian/_.png","https://api.memegen.link/templates/persian"
"grumpycat","Grumpy Cat","https://imgflip.com/memegenerator/Grumpy-Cat","https://api.memegen.link/images/grumpycat/I_HOPE_THAT_WHAT_DOES_NOT_KILL_YOU/TRIES_AGAIN.png","https://api.memegen.link/templates/grumpycat"
"ermg","Ermahgerd","http://knowyourmeme.com/memes/ermahgerd","https://api.memegen.link/images/ermg/ERMAHGERD/MEMES.png","https://api.memegen.link/templates/ermg"
"older","An Older Code Sir, But It Checks Out","http://knowyourmeme.com/memes/its-an-older-meme-but-it-checks-out","https://api.memegen.link/images/older/IT'S_AN_OLDER_MEME_SIR/BUT_IT_CHECKS_OUT.png","https://api.memegen.link/templates/older"
"pigeon","Is This a Pigeon?","https://knowyourmeme.com/memes/is-this-a-pigeon","https://api.memegen.link/images/pigeon/Engineer/PowerPoint/Is_this_Photoshop~q.png","https://api.memegen.link/templates/pigeon"
"tenguy","10 Guy","http://knowyourmeme.com/memes/10-guy","https://api.memegen.link/images/tenguy/_.png","https://api.memegen.link/templates/tenguy"
"both","Why Not Both?","http://knowyourmeme.com/memes/why-not-both-why-dont-we-have-both","https://api.memegen.link/images/both/_/WHY_NOT_BOTH~q.png","https://api.memegen.link/templates/both"
"inigo","Inigo Montoya","http://knowyourmeme.com/memes/you-keep-using-that-word-i-do-not-think-it-means-what-you-think-it-means","https://api.memegen.link/images/inigo/YOU_KEEP_USING_THAT_WORD/I_DO_NOT_THINK_IT_MEANS_WHAT_YOU_THINK_IT_MEANS.png","https://api.memegen.link/templates/inigo"
"mw","I Guarantee It","http://knowyourmeme.com/memes/george-zimmer-i-guarantee-it","https://api.memegen.link/images/mw/YOU'RE_GONNA_LIKE_THE_WAY_YOU_LOOK/I_GUARANTEE_IT.png","https://api.memegen.link/templates/mw"
"gb","Galaxy Brain","https://knowyourmeme.com/memes/galaxy-brain","https://api.memegen.link/images/gb/Who/Whom/Whom'st/Whomst'd.png","https://api.memegen.link/templates/gb"
"awkward-awesome","Socially Awkward Awesome Penguin","http://knowyourmeme.com/memes/socially-awkward-penguin","https://api.memegen.link/images/awkward-awesome/TRIP_GUY_ON_THE_STREET/HE_WAS_RUNNING_WITH_A_STOLEN_PURSE.png","https://api.memegen.link/templates/awkward-awesome"
"stop-it","Stop It, Get Some Help","https://knowyourmeme.com/memes/stop-it-get-some-help","https://api.memegen.link/images/stop-it/STOP_IT/GET_SOME_HELP.png","https://api.memegen.link/templates/stop-it"
"aag","Ancient Aliens Guy","http://knowyourmeme.com/memes/ancient-aliens","https://api.memegen.link/images/aag/_/ALIENS.png","https://api.memegen.link/templates/aag"
"cbg","Comic Book Guy","http://simpsons.wikia.com/wiki/Jeffrey_Albertson","https://api.memegen.link/images/cbg/_/WORST_THING_EVER!.png","https://api.memegen.link/templates/cbg"
"buzz","X, X Everywhere","https://imgflip.com/memetemplate/X-Everywhere","https://api.memegen.link/images/buzz/MEMES/MEMES_EVERYWHERE.png","https://api.memegen.link/templates/buzz"
"xy","X all the Y","http://knowyourmeme.com/memes/x-all-the-y","https://api.memegen.link/images/xy/ALL_THE_THINGS!!!.png","https://api.memegen.link/templates/xy"
"facepalm","Facepalm","http://knowyourmeme.com/memes/facepalm","https://api.memegen.link/images/facepalm/_.png","https://api.memegen.link/templates/facepalm"
"harold","Hide the Pain Harold","https://knowyourmeme.com/memes/hide-the-pain-harold","https://api.memegen.link/images/harold/WHEN_THE_BOSS_SEES/YOUR_MEME_TAB.png","https://api.memegen.link/templates/harold"
